date_time,cavity_label
"12/20/2019, 15:25:47",1
"01/01/2020, 10:29:09",1
"01/01/2020, 15:59:30",1
"01/02/2020, 07:50:34",0
"01/06/2020, 21:14:07",2
"01/19/2019, 09:14:37",5
"01/22/2019, 04:53:43",1
"01/22/2019, 08:06:01",0
"02/19/2019, 08:05:38",0
"02/19/2019, 12:39:42",1
"02/19/2019, 12:42:19",6
"02/19/2019, 12:49:07",4
"02/20/2019, 16:56:30",5
"02/21/2019, 16:02:32",5
"02/22/2019, 11:05:38",4
"02/23/2019, 09:18:19",5
"02/24/2019, 04:22:01",4
"02/25/2019, 01:46:43",5
"02/26/2019, 02:38:11",5
"02/26/2019, 05:06:42",4
"02/26/2019, 08:07:29",0
"02/26/2019, 12:22:26",5
"02/26/2019, 12:28:51",4
"02/26/2019, 12:31:17",4
"02/26/2019, 12:38:26",1
"02/26/2019, 12:47:30",5
"02/28/2019, 04:29:44",5
"03/02/2019, 01:38:11",0
"03/02/2019, 13:24:17",5
"03/02/2019, 13:28:43",5
"03/03/2019, 09:04:00",4
"03/05/2019, 10:28:40",4
"03/05/2019, 12:01:02",4
"03/05/2019, 12:49:52",5
"03/05/2019, 12:54:59",5
"03/05/2019, 18:58:51",5
"03/05/2019, 19:17:35",5
"03/05/2019, 19:21:45",5
"03/05/2019, 19:23:42",5
"03/05/2019, 19:27:36",5
"03/05/2019, 19:38:53",1
"03/05/2019, 21:11:47",5
"03/05/2019, 22:41:14",5
"03/05/2019, 22:45:41",5
"03/05/2019, 22:51:19",5
"03/05/2019, 22:55:35",5
"03/05/2019, 22:59:45",5
"03/05/2019, 23:15:50",5
"03/05/2019, 23:21:45",5
"03/05/2019, 23:28:43",5
"03/05/2019, 23:31:16",5
"03/05/2019, 23:34:33",5
"03/05/2019, 23:39:17",4
"03/06/2019, 02:21:22",5
"03/06/2019, 02:28:09",5
"03/06/2019, 07:03:24",4
"03/07/2019, 22:58:35",4
"03/09/2019, 17:05:55",5
"03/13/2019, 15:55:41",4
"03/15/2019, 10:46:22",4
"03/17/2019, 04:04:35",4
"03/20/2019, 07:10:59",0
"03/21/2019, 12:10:12",2
"03/22/2019, 12:17:43",4
"03/23/2019, 09:14:21",4
"03/26/2019, 08:07:15",0
"03/27/2019, 08:06:35",4
"03/27/2019, 09:11:00",5
"03/28/2019, 21:41:03",5
"03/29/2019, 06:08:51",5
"03/29/2019, 07:58:38",4
"03/29/2019, 08:48:49",5
"03/29/2019, 09:05:04",0
"03/30/2019, 11:08:51",4
"03/31/2019, 05:24:03",4
"03/31/2019, 07:49:51",1
"03/31/2019, 21:03:58",1
"03/31/2019, 21:24:59",4
"04/01/2019, 10:29:14",5
"04/02/2019, 21:38:06",8
"04/04/2019, 11:18:16",4
"04/05/2019, 05:02:45",5
"04/05/2019, 21:19:53",4
"04/05/2019, 23:37:54",1
"04/06/2019, 03:05:43",5
"04/06/2019, 06:32:48",1
"04/06/2019, 19:59:47",1
"04/07/2019, 02:57:47",2
"04/07/2019, 03:01:12",4
"04/07/2019, 03:03:50",4
"04/07/2019, 03:33:15",4
"04/07/2019, 08:04:45",4
"04/07/2019, 21:47:51",4
"04/08/2019, 02:26:48",5
"04/08/2019, 03:03:32",4
"04/08/2019, 03:08:48",4
"04/08/2019, 04:25:59",4
"04/08/2019, 22:17:04",1
"04/09/2019, 00:32:42",5
"04/09/2019, 00:35:33",4
"04/09/2019, 22:59:40",1
"04/10/2019, 09:54:42",7
"04/11/2019, 21:07:27",5
"04/12/2019, 06:06:20",1
"11/26/2019, 08:19:04",0
"11/27/2019, 15:44:37",0
"12/01/2019, 01:34:59",5
"12/01/2019, 06:27:17",5
"12/03/2019, 09:05:39",4
"12/03/2019, 09:08:28",4
"12/03/2019, 09:16:49",4
"12/03/2019, 13:43:27",4
"12/03/2019, 14:36:43",4
"12/03/2019, 14:51:45",1
"12/04/2019, 10:40:44",5
"12/04/2019, 10:52:28",5
"12/04/2019, 13:36:39",4
"12/05/2019, 09:13:14",3
"12/05/2019, 09:43:26",4
"12/06/2019, 11:09:47",4
"12/07/2019, 02:17:25",5
"12/09/2019, 08:13:21",0
"12/11/2019, 10:13:57",4
"12/11/2019, 10:21:44",4
"12/11/2019, 10:23:45",5
"12/11/2019, 10:46:22",5
"12/11/2019, 14:30:48",1
"12/12/2019, 10:58:21",4
"12/16/2019, 09:10:27",0
"12/17/2019, 08:44:45",5
"12/17/2019, 09:07:32",5
"12/18/2019, 09:21:25",4
"12/18/2019, 17:52:21",4
"12/20/2019, 08:16:59",0
"01/08/2020, 09:12:46",0
"01/12/2020, 19:13:22",4
"01/14/2020, 11:41:31",5
"01/18/2020, 06:11:41",5
"01/18/2020, 10:36:15",4
"01/18/2020, 13:13:32",4
"01/18/2020, 14:27:02",4
"01/19/2020, 20:51:45",5
"01/19/2020, 23:04:10",5
"01/20/2020, 07:36:54",4
"01/21/2020, 07:16:00",0
"01/22/2020, 16:22:08",4
"01/22/2020, 23:42:32",4
"01/24/2020, 11:37:44",4
"01/28/2020, 12:16:48",5
"01/29/2020, 13:42:11",4
"01/29/2020, 15:13:15",4
"01/30/2020, 10:27:11",5
"01/30/2020, 23:55:07",4
"02/02/2020, 10:25:32",5
"02/04/2020, 10:30:43",5
"02/05/2020, 07:55:55",4
"02/06/2020, 12:32:54",5
"02/06/2020, 22:44:32",5
"02/10/2020, 22:15:22",4
"02/12/2020, 20:36:34",4
"02/13/2020, 13:43:04",4
"02/13/2020, 14:02:42",4
"02/13/2020, 14:13:25",4
"02/13/2020, 14:29:38",4
"02/13/2020, 14:32:05",4
"02/13/2020, 14:35:20",4
"02/13/2020, 14:43:02",4
"02/22/2020, 12:22:03",0
"02/25/2020, 08:38:00",0
"03/04/2020, 02:22:45",5
"01/19/2019, 00:04:21",3
"01/19/2019, 00:05:17",3
"01/19/2019, 00:08:22",3
"01/19/2019, 00:16:35",3
"01/19/2019, 00:19:27",3
"01/19/2019, 00:20:31",3
"01/19/2019, 09:19:00",0
"01/21/2019, 14:17:52",5
"01/22/2019, 04:53:43",0
"01/22/2019, 06:07:43",0
"01/22/2019, 06:08:19",0
"01/22/2019, 08:06:04",0
"11/25/2019, 17:57:48",1
"11/25/2019, 18:18:35",4
"11/25/2019, 22:11:24",4
"11/26/2019, 00:32:22",1
"11/26/2019, 01:18:33",1
"11/26/2019, 03:08:40",4
"11/26/2019, 06:31:20",4
"11/26/2019, 08:15:32",1
"11/26/2019, 08:19:07",0
"11/26/2019, 14:16:51",4
"11/26/2019, 19:25:00",4
"11/26/2019, 23:13:24",4
"11/27/2019, 00:18:21",1
"11/27/2019, 00:42:25",1
"11/27/2019, 01:11:23",1
"11/27/2019, 02:02:12",1
"11/27/2019, 02:12:13",1
"11/27/2019, 02:18:41",1
"11/27/2019, 02:32:03",1
"11/27/2019, 02:51:47",1
"11/27/2019, 03:01:12",4
"11/27/2019, 03:29:24",1
"11/27/2019, 07:01:09",4
"11/27/2019, 07:42:34",3
"11/27/2019, 12:28:59",4
"11/27/2019, 15:44:41",0
"11/27/2019, 18:15:26",1
"11/27/2019, 18:53:02",4
"11/28/2019, 04:13:59",1
"11/28/2019, 16:34:58",1
"11/29/2019, 01:45:03",4
"11/29/2019, 04:43:49",4
"11/29/2019, 07:56:49",1
"11/29/2019, 10:02:03",4
"11/29/2019, 10:44:40",1
"11/30/2019, 07:43:23",4
"11/30/2019, 08:21:02",1
"11/30/2019, 08:49:03",1
"11/30/2019, 12:45:11",4
"11/30/2019, 18:49:21",4
"12/01/2019, 00:15:53",4
"12/01/2019, 01:34:59",5
"12/01/2019, 06:27:17",5
"12/01/2019, 12:10:17",4
"12/01/2019, 20:51:01",4
"12/02/2019, 01:42:51",4
"12/02/2019, 06:38:35",4
"12/02/2019, 09:45:02",1
"12/02/2019, 13:15:16",4
"12/03/2019, 02:14:06",4
"12/03/2019, 03:36:26",3
"12/03/2019, 07:13:02",4
"12/03/2019, 12:27:41",4
"12/03/2019, 18:35:27",4
"12/04/2019, 07:44:36",4
"12/04/2019, 13:48:19",4
"12/04/2019, 17:51:55",1
"12/04/2019, 17:54:43",1
"12/05/2019, 01:47:01",4
"12/05/2019, 11:38:46",3
"12/05/2019, 12:13:39",4
"12/05/2019, 15:56:59",4
"12/06/2019, 01:46:19",4
"12/06/2019, 07:08:02",4
"12/06/2019, 18:13:24",4
"12/06/2019, 23:16:40",4
"12/07/2019, 03:16:49",4
"12/07/2019, 09:44:25",4
"12/07/2019, 19:01:58",4
"12/08/2019, 00:56:26",4
"12/08/2019, 10:32:51",4
"12/08/2019, 15:39:11",4
"12/08/2019, 20:25:27",4
"12/09/2019, 07:28:18",4
"12/09/2019, 08:13:28",0
"12/10/2019, 19:59:40",4
"12/11/2019, 00:05:52",4
"12/11/2019, 14:56:57",4
"12/11/2019, 23:52:58",4
"12/12/2019, 05:14:10",4
"12/12/2019, 09:34:30",3
"12/12/2019, 10:10:59",4
"12/12/2019, 14:29:31",4
"12/12/2019, 19:33:04",4
"12/12/2019, 19:47:33",1
"12/13/2019, 06:40:02",4
"12/14/2019, 04:05:35",4
"12/14/2019, 08:25:10",4
"12/14/2019, 12:10:42",3
"12/14/2019, 15:11:10",3
"12/15/2019, 04:57:05",1
"12/15/2019, 04:57:36",1
"12/15/2019, 05:20:06",1
"12/15/2019, 05:27:36",1
"12/15/2019, 05:35:06",1
"12/15/2019, 05:42:36",1
"12/15/2019, 05:50:06",1
"12/15/2019, 07:12:37",1
"12/15/2019, 07:20:07",1
"12/15/2019, 07:27:37",1
"12/15/2019, 07:35:07",1
"12/15/2019, 07:42:37",1
"12/15/2019, 15:27:39",4
"12/15/2019, 22:12:33",4
"12/15/2019, 23:14:49",3
"12/16/2019, 02:17:51",4
"12/16/2019, 06:14:59",3
"12/16/2019, 06:22:29",3
"12/16/2019, 09:10:34",0
"12/17/2019, 06:46:56",2
"12/17/2019, 08:44:45",5
"12/17/2019, 09:07:32",5
"12/17/2019, 11:11:10",4
"12/18/2019, 00:49:50",4
"12/18/2019, 05:38:35",4
"01/02/2020, 21:10:31",4
"01/03/2020, 03:13:54",4
"01/03/2020, 07:43:44",4
"01/03/2020, 14:50:31",4
"01/03/2020, 18:30:41",4
"01/03/2020, 20:23:44",4
"01/04/2020, 00:12:27",4
"01/04/2020, 04:17:44",4
"01/04/2020, 04:25:14",3
"01/04/2020, 04:32:44",3
"01/04/2020, 04:40:14",3
"01/04/2020, 05:55:45",3
"01/04/2020, 06:03:15",3
"01/04/2020, 06:10:45",3
"01/04/2020, 09:35:15",4
"01/04/2020, 09:49:08",3
"01/04/2020, 10:40:32",3
"01/04/2020, 10:49:22",3
"01/04/2020, 14:15:36",4
"01/04/2020, 21:55:56",4
"01/04/2020, 22:59:57",5
"01/05/2020, 06:14:52",4
"01/05/2020, 17:35:47",1
"01/06/2020, 00:01:20",4
"01/06/2020, 06:44:19",1
"01/06/2020, 07:29:58",1
"01/06/2020, 10:19:02",4
"01/06/2020, 14:50:12",4
"01/06/2020, 17:31:22",4
"01/06/2020, 21:04:13",4
"01/07/2020, 01:04:01",4
"01/07/2020, 05:10:31",4
"01/07/2020, 12:18:54",4
"01/07/2020, 15:12:49",4
"01/07/2020, 17:12:53",4
"01/07/2020, 21:23:26",4
"01/08/2020, 06:56:27",3
"01/08/2020, 07:19:31",4
"01/08/2020, 08:56:41",3
"01/08/2020, 09:12:53",0
"01/08/2020, 16:25:17",1
"01/08/2020, 16:28:34",1
"01/08/2020, 17:19:54",4
"01/08/2020, 20:01:33",4
"01/09/2020, 22:23:44",4
"01/10/2020, 14:47:57",1
"01/10/2020, 15:06:08",1
"01/10/2020, 15:55:36",1
"01/10/2020, 15:55:45",1
"01/10/2020, 19:03:34",4
"01/11/2020, 00:49:42",4
"01/11/2020, 01:07:08",3
"01/11/2020, 02:53:10",1
"01/11/2020, 05:05:04",4
"01/11/2020, 18:22:12",4
"01/11/2020, 22:45:07",4
"01/12/2020, 04:59:38",1
"01/12/2020, 05:03:26",1
"01/12/2020, 05:46:27",4
"01/12/2020, 09:43:11",1
"01/12/2020, 11:21:39",4
"01/12/2020, 18:22:42",4
"01/12/2020, 19:13:18",1
"01/12/2020, 21:45:19",4
"01/13/2020, 00:25:23",4
"01/13/2020, 07:03:35",4
"01/13/2020, 08:17:55",1
"01/13/2020, 21:20:19",4
"01/14/2020, 03:27:48",4
"01/14/2020, 07:37:02",4
"01/14/2020, 10:11:43",1
"01/14/2020, 11:41:32",1
"01/14/2020, 13:42:44",4
"01/14/2020, 17:24:04",4
"01/14/2020, 23:18:20",4
"01/15/2020, 05:40:28",4
"01/15/2020, 07:39:00",1
"01/15/2020, 08:28:50",1
"01/15/2020, 08:36:09",1
"01/15/2020, 08:57:25",1
"01/16/2020, 00:46:34",4
"01/16/2020, 04:33:39",1
"01/16/2020, 04:46:04",1
"01/16/2020, 11:00:02",4
"01/16/2020, 16:23:25",1
"01/16/2020, 17:56:09",1
"01/16/2020, 18:47:50",1
"01/16/2020, 18:50:40",1
"01/16/2020, 22:08:16",4
"01/17/2020, 02:39:56",1
"01/17/2020, 02:44:38",1
"01/17/2020, 03:52:35",4
"01/17/2020, 08:34:28",8
"01/17/2020, 13:14:51",4
"01/17/2020, 23:41:16",1
"01/17/2020, 23:44:05",1
"01/18/2020, 13:08:40",4
"01/18/2020, 15:34:51",8
"01/18/2020, 15:45:05",4
"01/18/2020, 20:18:49",4
"01/19/2020, 01:40:47",4
"01/19/2020, 04:50:09",8
"01/19/2020, 04:57:39",8
"01/19/2020, 05:05:09",8
"01/19/2020, 05:12:39",8
"01/19/2020, 05:17:53",4
"01/19/2020, 06:35:31",8
"01/19/2020, 06:43:02",8
"01/19/2020, 06:50:31",8
"01/19/2020, 06:58:01",8
"01/19/2020, 07:05:32",8
"01/19/2020, 11:36:01",8
"01/19/2020, 13:35:57",4
"01/19/2020, 18:31:03",4
"01/19/2020, 20:51:39",1
"01/19/2020, 21:58:29",1
"01/19/2020, 22:04:00",1
"01/19/2020, 22:11:30",4
"01/19/2020, 22:13:56",1
"01/19/2020, 22:37:25",8
"01/19/2020, 23:04:20",1
"01/20/2020, 03:37:41",8
"01/20/2020, 03:45:11",8
"01/20/2020, 03:55:31",4
"01/20/2020, 04:00:11",8
"01/20/2020, 04:38:05",8
"01/20/2020, 04:45:35",8
"01/20/2020, 05:39:00",8
"01/20/2020, 06:39:26",8
"01/20/2020, 17:43:55",8
"01/20/2020, 19:44:08",8
"01/21/2020, 06:20:06",4
"01/21/2020, 07:34:58",0
"01/22/2020, 18:24:58",1
"01/22/2020, 19:46:11",4
"01/23/2020, 00:25:36",4
"01/23/2020, 14:01:48",4
"01/24/2020, 06:46:52",8
"01/24/2020, 09:47:33",4
"01/24/2020, 12:07:44",1
"01/24/2020, 12:44:15",1
"01/24/2020, 12:47:15",4
"01/24/2020, 21:24:45",4
"01/24/2020, 22:25:00",3
"01/25/2020, 02:38:14",4
"01/25/2020, 09:50:57",4
"01/25/2020, 22:49:07",4
"01/26/2020, 19:42:51",4
"01/27/2020, 00:40:09",4
"01/27/2020, 06:04:56",4
"01/27/2020, 06:22:06",3
"01/27/2020, 19:13:39",4
"01/27/2020, 21:31:39",4
"01/28/2020, 05:11:27",8
"01/28/2020, 10:00:56",4
"01/28/2020, 15:30:35",4
"01/28/2020, 20:21:09",1
"01/28/2020, 20:23:46",1
"01/28/2020, 20:26:38",1
"01/28/2020, 20:29:08",1
"01/29/2020, 03:15:23",3
"01/29/2020, 04:43:47",1
"01/29/2020, 04:52:09",1
"01/29/2020, 13:26:12",4
"01/30/2020, 07:10:33",4
"01/30/2020, 16:06:40",4
"01/31/2020, 04:26:48",4
"01/31/2020, 19:03:00",4
"02/01/2020, 14:33:42",4
"02/01/2020, 21:58:41",4
"02/02/2020, 03:14:05",4
"02/02/2020, 10:25:39",0
"02/03/2020, 06:14:34",4
"02/03/2020, 07:50:07",8
"02/03/2020, 15:15:34",4
"02/04/2020, 08:52:59",4
"02/04/2020, 12:32:01",4
"02/04/2020, 14:53:41",8
"02/04/2020, 16:17:21",4
"02/04/2020, 20:01:24",4
"02/04/2020, 20:55:48",8
"02/04/2020, 23:56:29",4
"02/05/2020, 02:58:50",1
"02/05/2020, 07:55:40",0
"02/05/2020, 15:52:54",4
"02/06/2020, 01:54:30",4
"02/06/2020, 06:45:03",4
"02/06/2020, 11:08:30",4
"02/06/2020, 12:33:08",0
"02/06/2020, 16:43:59",4
"02/06/2020, 22:44:52",0
"02/07/2020, 06:36:59",1
"02/07/2020, 06:55:51",1
"02/07/2020, 07:09:31",1
"02/07/2020, 07:15:07",1
"02/07/2020, 07:41:04",1
"02/07/2020, 07:47:41",1
"02/07/2020, 20:50:42",4
"02/09/2020, 01:58:17",4
"02/10/2020, 16:20:04",4
"02/12/2020, 20:37:29",0
"02/12/2020, 21:54:08",1
"02/13/2020, 01:15:02",1
"02/16/2020, 14:38:16",1
"02/16/2020, 14:43:42",1
"02/17/2020, 15:26:50",1
"02/19/2020, 00:42:38",1
"02/19/2020, 00:46:17",1
"02/21/2020, 22:22:18",1
"02/22/2020, 12:28:34",0
"02/22/2020, 22:52:23",5
"02/23/2020, 10:52:48",5
"02/23/2020, 13:53:01",5
"02/23/2020, 16:53:06",5
"02/23/2020, 16:54:23",5
"02/23/2020, 17:54:33",5
"02/23/2020, 17:55:06",5
"02/23/2020, 18:55:16",5
"02/23/2020, 21:01:10",5
"02/25/2020, 08:38:07",0
"03/05/2020, 04:50:00",0
"03/07/2020, 03:14:52",4
"03/07/2020, 03:25:06",4
"03/07/2020, 06:11:56",4
"03/07/2020, 06:30:44",4
"03/07/2020, 06:39:48",4
"03/07/2020, 07:06:55",4
"03/07/2020, 07:31:17",4
"03/07/2020, 10:42:39",4
"03/07/2020, 10:48:15",4
"03/07/2020, 10:54:57",4
"03/07/2020, 10:58:44",4
"03/07/2020, 18:29:16",1
"03/07/2020, 18:54:08",1
"03/07/2020, 19:01:15",1
"03/07/2020, 20:18:29",1
"03/07/2020, 21:51:21",1
"03/07/2020, 22:04:41",1
"03/08/2020, 11:04:18",4
"03/08/2020, 11:14:24",4
"03/08/2020, 11:18:53",4
"03/08/2020, 11:26:45",4
"03/08/2020, 11:29:09",4
"03/08/2020, 12:01:42",4
"03/08/2020, 12:03:11",4
"03/08/2020, 12:08:22",4
"03/08/2020, 12:31:55",4
"03/08/2020, 12:41:09",4
"03/08/2020, 13:26:01",4
"03/08/2020, 13:29:40",4
"03/08/2020, 15:55:59",4
"03/08/2020, 16:01:51",2
"03/08/2020, 16:18:16",3
"01/18/2019, 23:53:54",8
"01/19/2019, 09:19:04",0
"01/20/2019, 11:34:20",0
"01/21/2019, 16:31:01",6
"01/21/2019, 16:47:19",6
"01/21/2019, 16:51:53",6
"01/21/2019, 16:55:17",6
"01/21/2019, 16:57:52",6
"01/21/2019, 17:00:29",6
"01/21/2019, 17:03:41",6
"01/21/2019, 17:07:54",6
"01/21/2019, 17:13:25",6
"01/21/2019, 17:27:28",6
"01/21/2019, 17:32:44",6
"01/22/2019, 07:27:51",2
"01/22/2019, 08:06:08",0
"01/23/2019, 08:33:36",0
"01/23/2019, 12:02:21",0
"01/24/2019, 05:57:53",6
"01/24/2019, 07:50:25",6
"01/24/2019, 08:07:07",6
"01/24/2019, 08:10:48",6
"01/24/2019, 08:33:16",6
"01/24/2019, 08:35:53",6
"01/24/2019, 08:37:46",6
"01/24/2019, 08:49:50",6
"01/24/2019, 08:57:00",6
"01/24/2019, 09:04:09",6
"01/24/2019, 09:08:51",6
"01/24/2019, 09:13:50",6
"01/24/2019, 09:14:32",8
"01/24/2019, 09:15:16",8
"01/24/2019, 09:19:16",6
"01/24/2019, 09:25:54",6
"01/24/2019, 09:33:26",6
"01/24/2019, 09:42:00",6
"01/24/2019, 09:42:46",8
"01/24/2019, 09:47:31",6
"01/24/2019, 09:51:21",6
"01/24/2019, 09:58:05",4
"01/24/2019, 10:05:41",6
"01/24/2019, 11:34:18",6
"01/24/2019, 14:01:29",0
"01/29/2019, 19:24:00",6
"01/29/2019, 20:01:39",6
"01/29/2019, 20:08:02",6
"01/29/2019, 20:10:56",6
"01/30/2019, 00:39:58",6
"01/30/2019, 01:43:12",0
"01/30/2019, 03:24:44",0
"02/13/2019, 03:54:04",4
"02/13/2019, 03:56:05",4
"02/13/2019, 03:59:06",4
"02/13/2019, 04:00:39",4
"02/13/2019, 04:05:11",4
"02/13/2019, 04:14:11",0
"02/13/2019, 04:28:54",4
"02/13/2019, 06:32:15",4
"02/13/2019, 06:33:35",8
"02/14/2019, 00:57:51",8
"02/14/2019, 08:49:00",4
"02/14/2019, 08:50:39",8
"02/15/2019, 09:26:08",0
"02/15/2019, 23:24:50",8
"02/15/2019, 23:46:54",4
"02/15/2019, 23:47:44",8
"02/15/2019, 23:51:45",4
"02/15/2019, 23:52:30",8
"02/16/2019, 00:34:11",4
"02/16/2019, 00:47:01",4
"02/16/2019, 05:24:32",4
"02/16/2019, 05:36:39",4
"02/16/2019, 05:43:09",4
"02/16/2019, 06:32:51",4
"02/16/2019, 07:13:26",4
"02/16/2019, 07:37:23",4
"02/16/2019, 08:48:52",8
"02/16/2019, 08:49:44",8
"02/16/2019, 12:02:34",4
"02/17/2019, 13:47:32",0
"02/17/2019, 14:03:52",8
"02/18/2019, 00:05:05",2
"02/18/2019, 04:54:30",8
"02/18/2019, 05:17:27",4
"02/18/2019, 08:51:49",4
"02/18/2019, 09:11:40",4
"02/18/2019, 19:26:37",8
"02/19/2019, 08:05:45",0
"02/19/2019, 12:42:55",2
"02/20/2019, 23:06:36",4
"02/20/2019, 23:10:09",4
"02/21/2019, 00:47:00",4
"02/21/2019, 00:47:50",8
"02/21/2019, 02:10:44",8
"02/22/2019, 02:58:28",4
"02/22/2019, 04:55:12",4
"02/23/2019, 14:39:47",8
"02/24/2019, 02:45:52",4
"02/24/2019, 02:49:58",4
"02/24/2019, 03:10:23",4
"02/24/2019, 03:12:37",4
"02/24/2019, 03:38:15",4
"02/24/2019, 03:39:32",4
"02/24/2019, 03:49:24",4
"02/24/2019, 13:51:45",4
"02/24/2019, 13:52:35",8
"02/24/2019, 15:08:06",4
"02/24/2019, 16:39:57",4
"02/24/2019, 18:25:36",4
"02/24/2019, 19:23:09",4
"02/25/2019, 01:54:09",4
"02/25/2019, 01:54:57",8
"02/25/2019, 01:58:20",4
"02/25/2019, 03:12:19",4
"02/25/2019, 03:13:22",0
"02/25/2019, 12:52:36",8
"02/26/2019, 08:07:36",0
"02/26/2019, 12:24:42",2
"02/26/2019, 12:28:48",2
"02/27/2019, 18:48:49",4
"02/28/2019, 05:26:35",4
"03/01/2019, 04:48:40",8
"03/01/2019, 14:43:24",8
"03/01/2019, 23:06:36",0
"03/02/2019, 13:13:36",2
"03/02/2019, 13:18:48",2
"03/02/2019, 22:48:47",8
"03/04/2019, 15:57:57",0
"03/04/2019, 16:35:10",1
"03/05/2019, 10:01:58",2
"03/05/2019, 12:01:26",0
"03/05/2019, 12:50:13",2
"03/05/2019, 23:38:50",2
"03/06/2019, 07:05:23",0
"03/09/2019, 21:57:00",8
"03/11/2019, 22:10:35",2
"03/11/2019, 23:32:34",8
"03/12/2019, 20:04:40",2
"03/13/2019, 02:05:22",2
"03/13/2019, 22:40:37",8
"03/15/2019, 09:47:06",8
"03/15/2019, 20:43:04",4
"03/15/2019, 22:58:25",1
"03/16/2019, 03:58:51",4
"03/16/2019, 11:32:42",4
"03/16/2019, 11:34:19",8
"03/16/2019, 12:04:59",4
"03/17/2019, 15:58:59",1
"03/18/2019, 22:59:22",1
"03/19/2019, 17:07:21",2
"03/20/2019, 07:11:06",0
"03/25/2019, 01:17:21",4
"03/26/2019, 08:07:22",0
"03/26/2019, 19:58:47",8
"03/27/2019, 08:06:35",7
"03/28/2019, 05:00:09",8
"03/28/2019, 13:01:33",8
"03/28/2019, 13:39:24",8
"03/28/2019, 16:01:44",8
"03/28/2019, 20:02:01",8
"03/28/2019, 23:34:56",4
"03/29/2019, 04:11:21",6
"03/29/2019, 08:53:19",8
"03/29/2019, 15:09:55",8
"03/29/2019, 15:10:45",8
"03/29/2019, 15:24:55",8
"03/29/2019, 17:03:03",8
"03/29/2019, 18:04:38",4
"03/29/2019, 19:03:37",8
"03/29/2019, 19:11:07",8
"03/29/2019, 19:18:37",8
"03/29/2019, 21:30:23",2
"03/29/2019, 23:08:52",8
"03/30/2019, 01:09:05",8
"03/30/2019, 01:16:35",8
"03/30/2019, 03:29:20",8
"03/30/2019, 07:15:48",8
"03/30/2019, 07:23:18",8
"03/30/2019, 09:16:01",8
"03/30/2019, 10:16:30",4
"03/30/2019, 22:40:18",4
"03/31/2019, 04:59:07",4
"03/31/2019, 08:20:49",8
"03/31/2019, 11:16:26",8
"03/31/2019, 11:23:56",8
"04/01/2019, 09:46:41",8
"04/01/2019, 09:54:11",8
"04/01/2019, 10:01:42",8
"04/01/2019, 10:09:12",8
"04/01/2019, 10:16:41",8
"04/01/2019, 10:24:11",8
"04/01/2019, 10:29:13",0
"04/01/2019, 16:10:58",4
"04/03/2019, 04:21:38",4
"04/03/2019, 14:04:44",4
"04/03/2019, 17:00:50",8
"04/03/2019, 20:08:54",4
"04/03/2019, 20:57:53",8
"04/04/2019, 06:08:07",3
"04/04/2019, 21:06:00",4
"04/04/2019, 22:48:07",4
"04/05/2019, 01:01:02",8
"04/05/2019, 07:01:44",4
"04/05/2019, 15:49:06",4
"04/05/2019, 16:44:03",4
"04/05/2019, 17:08:31",8
"04/05/2019, 17:22:41",4
"04/05/2019, 21:09:44",4
"04/05/2019, 21:45:12",4
"04/05/2019, 21:51:36",4
"04/05/2019, 21:53:11",4
"04/06/2019, 06:16:08",8
"04/06/2019, 07:06:22",4
"04/06/2019, 07:09:47",4
"04/06/2019, 08:01:10",4
"04/06/2019, 09:08:49",8
"04/06/2019, 12:38:38",4
"04/06/2019, 12:40:13",4
"04/06/2019, 12:41:06",4
"04/06/2019, 12:47:31",4
"04/06/2019, 13:08:46",4
"04/06/2019, 13:18:01",4
"04/06/2019, 13:18:50",8
"04/06/2019, 21:41:37",4
"04/07/2019, 03:22:46",4
"04/07/2019, 06:40:36",8
"04/07/2019, 15:54:30",3
"04/07/2019, 17:17:05",4
"04/08/2019, 02:54:57",4
"04/08/2019, 18:29:35",4
"04/09/2019, 05:05:48",8
"04/10/2019, 00:55:15",4
"04/10/2019, 04:40:36",4
"04/10/2019, 07:16:13",8
"04/10/2019, 07:53:35",4
"04/10/2019, 09:26:38",4
"04/11/2019, 13:30:40",3
"04/11/2019, 15:55:13",8
"04/11/2019, 20:33:20",4
"04/11/2019, 20:56:22",4
"04/11/2019, 21:04:16",4
"04/13/2019, 05:22:04",8
"04/13/2019, 14:06:54",4
"04/15/2019, 03:46:57",2
"04/15/2019, 06:18:43",0
"11/26/2019, 08:19:12",0
"11/27/2019, 14:25:49",7
"11/27/2019, 14:27:51",1
"11/27/2019, 14:29:06",3
"12/01/2019, 01:34:59",7
"12/01/2019, 06:27:17",7
"12/03/2019, 08:25:12",4
"12/03/2019, 09:05:39",4
"12/03/2019, 09:15:32",4
"12/03/2019, 21:01:52",8
"12/03/2019, 21:02:28",4
"12/04/2019, 10:23:47",4
"12/04/2019, 10:52:27",4
"12/08/2019, 10:39:14",3
"12/09/2019, 08:13:36",0
"12/10/2019, 15:52:44",8
"12/11/2019, 14:01:57",3
"12/14/2019, 14:17:02",8
"12/16/2019, 09:10:41",0
"12/16/2019, 10:26:28",7
"12/16/2019, 10:31:16",7
"12/16/2019, 10:34:37",7
"12/16/2019, 10:39:29",7
"12/17/2019, 08:44:45",7
"12/17/2019, 09:07:32",7
"12/18/2019, 09:05:43",4
"12/20/2019, 08:17:13",0
"01/07/2020, 05:05:22",1
"01/07/2020, 05:12:51",1
"01/07/2020, 05:20:22",1
"01/07/2020, 05:27:52",1
"01/07/2020, 05:35:22",1
"01/07/2020, 05:50:43",1
"01/07/2020, 05:58:13",1
"01/07/2020, 16:51:10",1
"01/08/2020, 03:55:02",1
"01/08/2020, 09:13:00",1
"01/08/2020, 11:24:21",7
"01/08/2020, 11:24:32",7
"01/08/2020, 11:33:35",7
"01/10/2020, 18:55:53",1
"01/10/2020, 23:56:36",1
"01/11/2020, 00:57:20",1
"01/11/2020, 01:57:27",1
"01/11/2020, 19:24:42",8
"01/12/2020, 18:57:57",1
"01/12/2020, 18:58:44",1
"01/12/2020, 19:10:36",1
"01/13/2020, 08:17:43",1
"01/13/2020, 15:48:02",7
"01/13/2020, 15:51:44",7
"01/13/2020, 15:56:01",7
"01/14/2020, 07:06:08",4
"01/14/2020, 07:34:24",3
"01/14/2020, 10:11:50",1
"01/14/2020, 11:13:02",3
"01/14/2020, 11:14:20",3
"01/14/2020, 11:15:03",7
"01/14/2020, 11:23:49",7
"01/14/2020, 11:41:33",0
"01/15/2020, 07:41:01",3
"01/15/2020, 07:42:18",3
"01/15/2020, 07:43:06",7
"01/15/2020, 07:43:46",3
"01/17/2020, 03:01:25",7
"01/17/2020, 10:28:12",3
"01/18/2020, 00:47:14",7
"01/18/2020, 02:29:04",2
"01/18/2020, 13:18:29",4
"01/19/2020, 08:29:18",2
"01/19/2020, 12:54:22",3
"01/19/2020, 20:51:34",1
"01/19/2020, 22:36:18",2
"01/20/2020, 05:36:32",2
"01/20/2020, 06:48:07",2
"01/20/2020, 06:55:37",2
"01/20/2020, 07:02:07",2
"01/20/2020, 08:02:39",2
"01/20/2020, 08:10:09",2
"01/20/2020, 10:48:14",2
"01/22/2020, 18:25:41",4
"01/23/2020, 15:37:19",3
"01/24/2020, 09:04:54",4
"01/25/2020, 19:16:34",3
"01/26/2020, 20:49:48",2
"01/27/2020, 02:50:58",2
"01/29/2020, 11:51:31",2
"01/29/2020, 13:39:18",4
"01/29/2020, 17:51:39",2
"01/30/2020, 00:52:15",2
"02/02/2020, 05:53:16",2
"02/02/2020, 07:53:50",2
"02/02/2020, 10:25:42",0
"02/02/2020, 18:47:45",8
"02/04/2020, 10:30:43",5
"02/04/2020, 14:22:05",3
"02/04/2020, 14:23:32",3
"02/05/2020, 06:57:54",2
"02/05/2020, 06:58:37",2
"02/05/2020, 07:55:27",1
"02/06/2020, 08:19:17",4
"02/06/2020, 10:58:40",4
"02/06/2020, 11:22:12",4
"02/06/2020, 11:27:24",3
"02/06/2020, 19:27:38",2
"02/06/2020, 19:28:36",2
"02/06/2020, 19:29:45",2
"02/06/2020, 19:34:44",2
"02/06/2020, 20:27:22",3
"02/06/2020, 22:54:56",1
"02/07/2020, 01:29:46",3
"02/07/2020, 01:33:07",3
"02/07/2020, 10:00:36",4
"02/09/2020, 12:23:43",3
"02/09/2020, 12:24:33",7
"02/10/2020, 03:05:09",3
"02/11/2020, 18:54:02",4
"02/12/2020, 20:36:54",0
"02/12/2020, 20:37:37",0
"02/12/2020, 21:24:20",3
"02/13/2020, 12:20:33",4
"02/13/2020, 13:39:12",4
"02/13/2020, 13:43:35",4
"02/13/2020, 13:53:07",4
"02/13/2020, 14:00:17",4
"02/13/2020, 14:02:42",4
"02/13/2020, 14:28:48",4
"02/13/2020, 14:32:22",4
"02/13/2020, 14:35:57",4
"02/13/2020, 14:43:01",4
"02/17/2020, 06:33:00",6
"02/17/2020, 06:34:12",8
"02/17/2020, 06:44:23",6
"02/17/2020, 07:38:30",6
"02/17/2020, 11:40:32",0
"02/17/2020, 19:34:39",0
"02/18/2020, 08:26:00",2
"02/18/2020, 08:27:40",2
"02/18/2020, 08:29:26",2
"02/18/2020, 08:40:56",2
"02/18/2020, 08:45:49",2
"02/18/2020, 08:52:50",2
"02/18/2020, 14:52:44",4
"02/19/2020, 05:27:39",6
"02/19/2020, 05:55:49",6
"02/19/2020, 08:22:04",4
"02/19/2020, 08:23:18",3
"02/19/2020, 16:18:13",6
"02/20/2020, 03:52:06",6
"02/20/2020, 05:11:43",1
"02/20/2020, 05:38:47",3
"02/20/2020, 07:43:01",3
"02/20/2020, 08:58:16",8
"02/20/2020, 09:10:26",6
"02/20/2020, 09:11:40",3
"02/20/2020, 10:05:16",6
"02/20/2020, 10:26:33",6
"02/20/2020, 12:14:21",6
"02/20/2020, 12:15:57",3
"02/20/2020, 13:13:55",6
"02/20/2020, 14:46:25",6
"02/20/2020, 14:50:09",6
"02/20/2020, 15:12:45",6
"02/20/2020, 15:39:20",6
"02/20/2020, 20:38:03",6
"02/21/2020, 00:23:38",6
"02/21/2020, 02:27:51",6
"02/21/2020, 02:57:56",6
"02/21/2020, 03:20:50",6
"02/21/2020, 04:26:16",6
"02/21/2020, 04:31:24",6
"02/21/2020, 04:34:20",6
"02/21/2020, 04:48:31",6
"02/21/2020, 06:59:34",6
"02/21/2020, 07:03:26",6
"02/21/2020, 07:13:18",6
"02/21/2020, 07:58:05",6
"02/21/2020, 08:39:57",6
"02/21/2020, 09:33:19",6
"02/21/2020, 10:03:03",6
"02/21/2020, 10:21:53",6
"02/21/2020, 11:01:30",2
"02/21/2020, 11:03:05",2
"02/21/2020, 13:23:53",4
"02/21/2020, 13:49:59",3
"02/21/2020, 18:16:24",2
"02/21/2020, 18:19:36",2
"02/21/2020, 18:20:47",2
"02/21/2020, 18:35:39",2
"02/21/2020, 22:09:09",3
"02/22/2020, 04:16:56",3
"02/22/2020, 09:02:13",4
"02/22/2020, 12:22:03",0
"02/23/2020, 06:12:51",6
"02/23/2020, 07:39:51",6
"02/23/2020, 08:26:25",6
"02/23/2020, 12:17:33",6
"02/23/2020, 20:02:07",6
"02/24/2020, 00:00:15",6
"02/24/2020, 00:26:30",6
"02/24/2020, 04:08:49",6
"02/25/2020, 08:17:49",6
"02/25/2020, 08:38:14",0
"02/25/2020, 13:50:49",7
"02/25/2020, 14:02:39",7
"02/25/2020, 14:06:34",7
"02/25/2020, 20:35:06",6
"02/26/2020, 04:11:28",6
"02/26/2020, 05:15:27",6
"02/26/2020, 05:43:00",6
"02/26/2020, 05:48:50",6
"02/26/2020, 08:00:13",4
"02/27/2020, 05:07:21",6
"02/28/2020, 03:37:32",6
"02/29/2020, 21:01:30",6
"02/29/2020, 23:42:35",6
"03/01/2020, 01:28:16",6
"03/02/2020, 04:10:07",1
"03/04/2020, 15:22:06",1
"03/05/2020, 21:56:39",6
"03/05/2020, 21:58:23",8
"03/06/2020, 10:15:37",1
"03/06/2020, 13:05:01",6
"03/06/2020, 13:17:38",3
"03/06/2020, 13:52:10",6
"03/06/2020, 14:35:12",6
"03/06/2020, 15:11:39",6
"03/06/2020, 17:19:53",1
"03/06/2020, 20:53:42",6
"03/07/2020, 00:48:50",6
"03/07/2020, 18:55:07",1
"03/08/2020, 06:56:52",6
"03/08/2020, 22:52:10",6
"03/08/2020, 23:44:45",6
"03/09/2020, 00:16:36",6
"03/09/2020, 01:56:16",6
"03/09/2020, 02:03:59",6
"03/09/2020, 02:20:06",6
"03/09/2020, 02:50:58",6
"03/09/2020, 03:05:41",6
"01/18/2019, 14:33:52",8
"01/18/2019, 15:33:40",0
"01/18/2019, 21:56:02",8
"01/18/2019, 22:49:12",8
"01/19/2019, 00:07:54",8
"01/19/2019, 00:55:49",8
"01/19/2019, 02:22:28",8
"01/19/2019, 07:28:14",8
"01/19/2019, 09:13:52",8
"01/19/2019, 12:48:08",8
"01/19/2019, 21:27:36",8
"01/19/2019, 23:58:50",8
"01/20/2019, 00:40:42",8
"01/20/2019, 02:19:22",8
"01/20/2019, 05:01:09",8
"01/20/2019, 06:58:17",8
"01/20/2019, 08:14:50",8
"01/20/2019, 09:30:03",8
"01/20/2019, 10:54:01",8
"01/20/2019, 12:02:56",8
"01/20/2019, 15:53:33",8
"01/20/2019, 19:08:16",8
"01/21/2019, 06:24:42",8
"01/21/2019, 11:02:55",0
"01/21/2019, 11:05:23",0
"01/21/2019, 11:09:23",0
"01/21/2019, 11:52:04",8
"01/21/2019, 17:17:32",8
"01/21/2019, 23:38:00",8
"01/22/2019, 07:27:46",2
"01/22/2019, 07:33:15",2
"01/22/2019, 08:06:11",0
"01/22/2019, 18:05:04",6
"01/22/2019, 18:19:29",4
"01/22/2019, 22:10:20",8
"01/23/2019, 03:25:06",8
"01/23/2019, 08:33:40",0
"01/23/2019, 18:42:33",6
"01/24/2019, 05:02:00",2
"01/24/2019, 05:13:11",2
"01/24/2019, 05:16:34",2
"01/24/2019, 05:21:44",2
"01/24/2019, 05:30:35",2
"01/24/2019, 05:36:44",2
"01/24/2019, 05:40:24",2
"01/24/2019, 05:42:56",2
"01/24/2019, 05:48:47",2
"01/24/2019, 05:51:24",2
"01/24/2019, 05:53:57",2
"01/24/2019, 05:56:19",2
"01/24/2019, 05:59:58",2
"01/24/2019, 06:05:36",2
"01/24/2019, 07:17:05",2
"01/24/2019, 07:23:20",2
"01/24/2019, 07:25:56",2
"01/24/2019, 07:30:55",2
"01/24/2019, 07:33:06",2
"01/24/2019, 07:35:10",2
"11/26/2019, 07:55:36",4
"11/26/2019, 08:19:15",0
"11/26/2019, 11:59:23",8
"11/26/2019, 12:17:49",2
"11/26/2019, 12:23:48",2
"11/26/2019, 14:03:52",7
"11/26/2019, 14:42:15",2
"11/26/2019, 14:52:30",2
"11/26/2019, 23:08:35",3
"11/27/2019, 13:34:18",2
"11/27/2019, 15:44:45",0
"11/27/2019, 17:54:56",2
"11/27/2019, 18:00:43",2
"11/27/2019, 18:03:09",2
"11/27/2019, 18:08:33",2
"11/27/2019, 18:12:42",2
"11/27/2019, 18:15:05",2
"11/27/2019, 18:18:28",2
"11/27/2019, 22:59:12",2
"11/28/2019, 01:00:16",2
"11/28/2019, 05:01:02",2
"11/28/2019, 05:15:51",2
"11/28/2019, 05:30:26",2
"11/28/2019, 05:46:09",7
"11/28/2019, 06:03:51",2
"11/28/2019, 06:13:32",2
"11/28/2019, 06:24:31",2
"11/28/2019, 06:37:11",2
"11/28/2019, 06:48:01",2
"11/28/2019, 07:57:26",2
"11/28/2019, 08:05:56",2
"11/28/2019, 08:12:49",2
"11/28/2019, 08:26:58",2
"11/28/2019, 08:44:04",2
"11/28/2019, 08:57:52",2
"11/28/2019, 09:40:39",2
"11/29/2019, 00:14:00",2
"11/29/2019, 00:32:31",2
"11/29/2019, 00:43:17",2
"11/29/2019, 03:11:40",2
"11/29/2019, 07:29:14",2
"11/29/2019, 18:33:55",5
"11/29/2019, 19:28:37",4
"11/29/2019, 21:12:50",2
"11/29/2019, 21:20:20",2
"11/29/2019, 22:42:46",8
"11/29/2019, 22:57:28",2
"11/29/2019, 22:57:37",2
"11/29/2019, 23:08:36",2
"11/29/2019, 23:17:13",2
"11/29/2019, 23:24:04",2
"11/29/2019, 23:34:09",2
"11/29/2019, 23:46:29",2
"11/29/2019, 23:59:34",2
"11/30/2019, 00:08:39",2
"11/30/2019, 00:23:46",2
"11/30/2019, 00:40:03",2
"11/30/2019, 00:51:47",2
"11/30/2019, 00:58:26",2
"11/30/2019, 01:06:03",2
"11/30/2019, 02:13:27",2
"11/30/2019, 02:20:58",2
"11/30/2019, 03:14:03",2
"11/30/2019, 03:21:33",2
"11/30/2019, 05:30:17",2
"11/30/2019, 05:37:47",2
"11/30/2019, 05:53:28",7
"11/30/2019, 06:00:58",7
"11/30/2019, 06:08:28",7
"11/30/2019, 06:15:58",2
"11/30/2019, 08:16:30",2
"11/30/2019, 08:54:48",7
"11/30/2019, 09:17:46",2
"11/30/2019, 10:18:20",2
"11/30/2019, 18:04:39",2
"12/01/2019, 00:00:59",5
"12/01/2019, 01:06:49",3
"12/01/2019, 01:48:05",5
"12/01/2019, 01:57:05",5
"12/01/2019, 02:11:38",2
"12/01/2019, 02:28:18",3
"12/01/2019, 02:45:01",3
"12/01/2019, 02:54:07",5
"12/01/2019, 03:03:52",5
"12/01/2019, 03:10:43",5
"12/01/2019, 03:20:24",5
"12/01/2019, 03:24:28",5
"12/01/2019, 03:34:15",5
"12/01/2019, 03:50:53",5
"12/01/2019, 03:55:57",5
"12/01/2019, 04:20:07",5
"12/01/2019, 04:26:22",5
"12/01/2019, 06:01:40",5
"12/01/2019, 06:09:33",5
"12/01/2019, 06:27:17",0
"12/01/2019, 10:05:27",5
"12/01/2019, 10:26:48",5
"12/01/2019, 10:50:24",3
"12/01/2019, 13:50:57",5
"12/01/2019, 13:55:42",8
"12/01/2019, 14:09:40",5
"12/01/2019, 14:31:54",2
"12/01/2019, 14:36:15",5
"12/01/2019, 14:41:07",3
"12/01/2019, 14:44:20",2
"12/01/2019, 15:10:20",2
"12/01/2019, 15:51:59",2
"12/01/2019, 15:55:28",5
"12/01/2019, 16:02:01",2
"12/01/2019, 16:06:58",5
"12/01/2019, 16:08:10",2
"12/01/2019, 16:48:33",4
"12/01/2019, 16:51:48",4
"12/01/2019, 17:20:10",0
"12/01/2019, 17:47:24",5
"12/01/2019, 17:54:57",5
"12/01/2019, 17:59:02",5
"12/01/2019, 18:02:22",5
"12/01/2019, 18:09:08",8
"12/01/2019, 18:17:42",4
"12/01/2019, 18:21:55",5
"12/01/2019, 18:38:42",5
"12/01/2019, 18:41:23",5
"12/01/2019, 18:43:10",5
"12/01/2019, 18:43:38",5
"12/01/2019, 19:04:46",5
"12/01/2019, 20:03:18",5
"12/01/2019, 20:49:22",3
"12/01/2019, 21:09:35",3
"12/02/2019, 08:47:45",2
"12/02/2019, 08:57:58",2
"12/02/2019, 09:03:22",2
"12/02/2019, 09:12:01",2
"12/02/2019, 13:29:14",4
"12/03/2019, 02:29:40",7
"12/03/2019, 06:04:58",2
"12/03/2019, 06:07:38",2
"12/03/2019, 06:12:06",2
"12/03/2019, 06:30:38",2
"12/03/2019, 10:04:53",2
"12/03/2019, 10:14:25",2
"12/04/2019, 10:23:48",5
"12/04/2019, 10:50:18",2
"12/04/2019, 10:52:29",5
"12/04/2019, 11:49:59",2
"12/04/2019, 12:24:56",7
"12/04/2019, 12:40:07",2
"12/04/2019, 12:48:32",2
"12/04/2019, 13:36:39",7
"12/04/2019, 15:07:36",7
"12/04/2019, 15:31:10",7
"12/05/2019, 00:05:45",2
"12/05/2019, 04:25:29",2
"12/05/2019, 05:24:25",2
"12/05/2019, 08:32:55",5
"12/05/2019, 09:13:19",5
"12/05/2019, 14:31:41",3
"12/05/2019, 22:19:09",2
"12/06/2019, 00:21:03",2
"12/06/2019, 00:28:33",2
"12/06/2019, 00:36:03",2
"12/06/2019, 00:43:33",2
"12/06/2019, 00:51:03",2
"12/06/2019, 00:58:33",2
"12/06/2019, 01:06:03",2
"12/06/2019, 01:21:27",2
"12/06/2019, 01:28:57",2
"12/06/2019, 03:21:57",2
"12/06/2019, 05:22:38",2
"12/06/2019, 06:23:11",2
"12/06/2019, 06:30:41",2
"12/06/2019, 10:08:37",0
"12/06/2019, 18:30:53",2
"12/06/2019, 20:10:34",5
"12/08/2019, 03:33:02",4
"12/08/2019, 12:25:37",2
"12/08/2019, 18:26:00",2
"12/08/2019, 23:26:10",2
"12/09/2019, 03:28:35",2
"12/09/2019, 03:36:05",2
"12/09/2019, 07:12:06",8
"12/09/2019, 08:13:43",0
"12/11/2019, 05:56:46",8
"12/11/2019, 06:04:43",5
"12/11/2019, 06:25:57",8
"12/11/2019, 06:31:17",3
"12/11/2019, 06:47:00",4
"12/11/2019, 06:58:00",5
"12/11/2019, 07:02:25",5
"12/11/2019, 10:15:49",5
"12/11/2019, 10:23:45",5
"12/11/2019, 13:54:13",5
"12/11/2019, 13:56:55",5
"12/11/2019, 14:00:38",5
"12/11/2019, 14:19:26",5
"12/11/2019, 14:43:51",5
"12/11/2019, 15:01:54",5
"12/11/2019, 15:08:29",5
"12/12/2019, 08:35:57",5
"12/12/2019, 10:37:02",5
"12/12/2019, 13:14:58",5
"12/13/2019, 07:58:54",2
"12/13/2019, 08:09:40",2
"12/13/2019, 11:31:58",2
"12/13/2019, 11:39:28",2
"12/13/2019, 16:33:14",2
"12/13/2019, 16:51:11",4
"12/13/2019, 16:54:19",3
"12/13/2019, 16:55:35",3
"12/13/2019, 16:59:26",3
"12/13/2019, 18:39:12",2
"12/13/2019, 19:33:38",5
"12/13/2019, 19:40:39",4
"12/13/2019, 20:39:29",2
"12/14/2019, 04:06:44",5
"12/14/2019, 08:22:46",8
"12/14/2019, 09:07:31",4
"12/14/2019, 09:45:19",8
"12/14/2019, 10:38:13",5
"12/14/2019, 10:43:50",3
"12/14/2019, 10:46:06",3
"12/14/2019, 10:54:53",4
"12/14/2019, 10:57:15",3
"12/14/2019, 11:03:28",8
"12/14/2019, 11:16:35",5
"12/14/2019, 11:17:43",3
"12/14/2019, 11:58:57",5
"12/14/2019, 12:03:54",8
"12/14/2019, 12:14:08",5
"12/14/2019, 12:26:09",5
"12/14/2019, 13:01:13",5
"12/14/2019, 13:46:35",5
"12/14/2019, 14:39:53",2
"12/14/2019, 16:54:12",5
"12/14/2019, 17:36:34",3
"12/14/2019, 19:40:11",2
"12/14/2019, 19:47:41",2
"12/15/2019, 03:24:23",2
"12/15/2019, 05:54:23",2
"12/15/2019, 06:44:23",2
"12/15/2019, 07:34:23",2
"12/15/2019, 10:33:53",2
"12/15/2019, 23:55:07",3
"12/16/2019, 02:02:41",8
"12/16/2019, 06:35:38",2
"12/16/2019, 07:26:36",2
"12/16/2019, 07:30:27",2
"12/16/2019, 10:34:31",2
"12/17/2019, 08:44:45",0
"12/17/2019, 09:07:32",1
"12/17/2019, 10:06:56",5
"12/17/2019, 10:46:29",3
"12/17/2019, 11:31:40",5
"12/17/2019, 11:42:15",5
"12/17/2019, 20:55:35",8
"12/17/2019, 22:35:35",7
"12/17/2019, 23:25:35",7
"12/18/2019, 00:15:35",7
"12/18/2019, 09:05:42",5
"01/06/2020, 05:17:44",2
"01/06/2020, 06:07:44",2
"01/06/2020, 20:33:05",4
"01/06/2020, 23:16:20",7
"01/07/2020, 00:40:37",5
"01/07/2020, 03:42:37",3
"01/07/2020, 04:16:36",4
"01/07/2020, 09:31:48",5
"01/08/2020, 09:13:07",5
"01/08/2020, 11:32:09",2
"01/08/2020, 11:45:29",2
"01/08/2020, 11:53:37",4
"01/08/2020, 11:58:27",2
"01/08/2020, 12:03:16",2
"01/09/2020, 18:31:37",5
"01/10/2020, 05:24:01",5
"01/10/2020, 05:24:41",5
"01/10/2020, 07:04:59",7
"01/10/2020, 09:47:05",2
"01/10/2020, 10:28:14",2
"01/10/2020, 11:07:39",2
"01/10/2020, 11:19:22",2
"01/10/2020, 11:21:23",5
"01/10/2020, 11:29:31",2
"01/10/2020, 11:51:21",2
"01/10/2020, 13:13:55",2
"01/10/2020, 14:40:17",2
"01/10/2020, 14:50:14",2
"01/10/2020, 14:51:42",2
"01/10/2020, 14:54:08",2
"01/10/2020, 15:10:46",2
"01/10/2020, 15:12:44",2
"01/10/2020, 15:14:29",2
"01/10/2020, 16:28:28",2
"01/11/2020, 11:12:39",5
"01/12/2020, 05:27:58",0
"01/12/2020, 05:54:50",8
"01/12/2020, 07:45:42",6
"01/12/2020, 09:21:45",5
"01/12/2020, 11:56:53",5
"01/12/2020, 12:01:31",5
"01/12/2020, 12:18:37",4
"01/12/2020, 12:21:35",4
"01/12/2020, 12:30:24",5
"01/12/2020, 12:32:33",4
"01/12/2020, 12:40:40",8
"01/12/2020, 13:05:59",5
"01/12/2020, 13:08:07",3
"01/12/2020, 13:10:08",4
"01/12/2020, 13:12:03",3
"01/12/2020, 13:14:33",8
"01/12/2020, 13:16:28",3
"01/12/2020, 13:31:20",5
"01/12/2020, 13:35:05",8
"01/12/2020, 14:07:44",5
"01/12/2020, 14:13:08",8
"01/12/2020, 14:26:28",1
"01/12/2020, 15:16:31",5
"01/12/2020, 15:49:18",3
"01/12/2020, 15:50:36",7
"01/12/2020, 15:56:17",8
"01/12/2020, 16:04:00",5
"01/12/2020, 16:10:59",3
"01/12/2020, 16:18:05",3
"01/12/2020, 16:25:03",5
"01/12/2020, 16:30:40",8
"01/12/2020, 16:39:27",8
"01/12/2020, 17:01:53",8
"01/12/2020, 17:31:47",8
"01/12/2020, 17:38:36",5
"01/12/2020, 18:23:55",3
"01/12/2020, 18:27:24",8
"01/12/2020, 18:31:18",4
"01/12/2020, 18:33:07",5
"01/12/2020, 18:37:46",5
"01/12/2020, 18:53:11",5
"01/12/2020, 18:55:46",5
"01/12/2020, 18:57:18",5
"01/12/2020, 18:59:49",5
"01/12/2020, 19:01:16",5
"01/12/2020, 21:57:37",5
"01/12/2020, 21:59:35",5
"01/12/2020, 22:13:26",5
"01/12/2020, 22:14:23",2
"01/12/2020, 22:17:14",5
"01/12/2020, 22:22:22",5
"01/13/2020, 00:47:00",5
"01/13/2020, 00:55:18",5
"01/13/2020, 01:35:37",5
"01/13/2020, 02:25:53",5
"01/13/2020, 02:37:34",5
"01/13/2020, 05:18:43",2
"01/13/2020, 08:17:29",1
"01/14/2020, 03:42:40",5
"01/14/2020, 10:12:00",1
"01/14/2020, 11:41:33",0
"01/16/2020, 07:04:06",2
"01/16/2020, 07:14:10",2
"01/16/2020, 07:40:20",2
"01/16/2020, 07:48:05",2
"01/16/2020, 07:56:51",2
"01/16/2020, 08:08:19",2
"01/16/2020, 08:17:28",2
"01/17/2020, 01:25:12",6
"01/18/2020, 08:14:36",5
"01/18/2020, 08:19:47",5
"01/18/2020, 11:52:38",2
"01/18/2020, 12:10:09",2
"01/18/2020, 13:55:04",2
"01/18/2020, 15:44:16",5
"01/18/2020, 17:55:37",5
"01/18/2020, 20:01:59",2
"01/18/2020, 20:46:45",2
"01/18/2020, 22:10:13",2
"01/18/2020, 22:57:10",2
"01/18/2020, 23:02:14",2
"01/18/2020, 23:12:09",2
"01/18/2020, 23:20:21",2
"01/18/2020, 23:30:56",2
"01/19/2020, 00:12:24",2
"01/19/2020, 00:29:20",2
"01/19/2020, 00:37:54",2
"01/19/2020, 00:44:48",2
"01/19/2020, 01:07:58",2
"01/19/2020, 01:16:48",2
"01/19/2020, 01:20:01",2
"01/19/2020, 01:23:32",2
"01/19/2020, 01:27:28",2
"01/19/2020, 01:58:41",2
"01/19/2020, 02:02:18",2
"01/19/2020, 02:06:38",2
"01/19/2020, 02:17:24",2
"01/21/2020, 07:46:20",7
"01/21/2020, 07:54:26",0
"01/22/2020, 05:38:19",4
"01/22/2020, 06:35:28",4
"01/24/2020, 09:29:04",5
"01/24/2020, 11:14:39",5
"01/24/2020, 11:38:22",5
"01/25/2020, 03:10:32",5
"01/25/2020, 04:24:43",4
"01/25/2020, 05:02:23",4
"01/25/2020, 05:06:51",4
"01/25/2020, 05:09:04",4
"01/25/2020, 05:51:07",4
"01/25/2020, 12:42:02",8
"01/25/2020, 13:09:23",8
"02/05/2020, 13:19:49",7
"02/05/2020, 15:57:24",5
"02/06/2020, 06:23:52",3
"02/06/2020, 06:30:46",4
"02/06/2020, 08:19:17",4
"02/06/2020, 10:13:12",4
"02/06/2020, 10:50:35",5
"02/06/2020, 11:20:58",5
"02/06/2020, 12:08:01",5
"02/06/2020, 12:42:16",1
"02/06/2020, 13:01:45",3
"02/06/2020, 22:55:34",1
"02/07/2020, 01:48:06",7
"02/07/2020, 08:23:05",4
"02/07/2020, 08:44:52",4
"02/07/2020, 08:50:12",5
"02/07/2020, 09:13:11",5
"02/07/2020, 10:00:36",6
"02/07/2020, 13:00:07",3
"02/07/2020, 13:27:59",5
"02/07/2020, 17:37:01",6
"02/08/2020, 03:10:57",4
"02/08/2020, 08:55:52",4
"02/08/2020, 09:43:33",6
"02/08/2020, 09:45:31",4
"02/10/2020, 08:14:17",5
"02/10/2020, 12:21:51",7
"02/10/2020, 15:00:08",5
"02/10/2020, 15:02:10",5
"02/10/2020, 15:37:13",5
"02/11/2020, 10:22:03",5
"02/11/2020, 12:31:44",3
"02/12/2020, 08:59:40",4
"02/12/2020, 15:17:22",4
"02/12/2020, 20:37:48",0
"02/12/2020, 21:41:06",7
"02/12/2020, 21:51:27",5
"02/13/2020, 02:15:16",8
"02/13/2020, 11:11:23",4
"02/13/2020, 12:21:05",5
"02/13/2020, 13:37:47",5
"02/13/2020, 13:38:46",4
"02/13/2020, 13:39:14",5
"02/13/2020, 13:40:17",7
"02/13/2020, 13:41:54",5
"02/13/2020, 13:43:35",4
"02/13/2020, 13:47:32",4
"02/13/2020, 13:49:23",5
"02/13/2020, 13:53:46",4
"02/13/2020, 13:56:21",4
"02/13/2020, 13:57:24",7
"02/13/2020, 14:00:03",4
"02/13/2020, 14:01:39",5
"02/13/2020, 14:02:21",4
"02/13/2020, 14:28:40",7
"02/13/2020, 14:28:49",5
"02/13/2020, 14:30:36",3
"02/13/2020, 14:33:37",4
"02/13/2020, 14:43:17",5
"02/15/2020, 17:48:49",5
"02/16/2020, 01:21:10",5
"02/17/2020, 13:13:18",5
"02/17/2020, 14:50:15",8
"02/17/2020, 18:19:31",8
"02/17/2020, 19:09:01",4
"02/17/2020, 19:30:57",8
"02/17/2020, 19:36:12",5
"02/17/2020, 21:02:57",8
"02/17/2020, 22:54:28",5
"02/19/2020, 03:36:04",7
"02/19/2020, 10:53:20",5
"02/19/2020, 11:02:51",5
"02/19/2020, 20:27:18",5
"02/20/2020, 04:06:21",5
"02/20/2020, 04:47:48",1
"02/20/2020, 06:05:03",7
"02/21/2020, 06:02:25",4
"02/21/2020, 10:48:26",8
"02/21/2020, 11:03:19",5
"02/21/2020, 14:04:58",5
"02/21/2020, 22:15:10",8
"02/21/2020, 23:23:14",1
"02/22/2020, 12:22:03",0
"02/22/2020, 13:46:09",5
"02/22/2020, 16:44:41",5
"02/22/2020, 23:45:28",5
"02/23/2020, 01:11:27",4
"02/23/2020, 01:23:33",3
"02/23/2020, 11:24:51",4
"02/23/2020, 17:32:32",1
"02/23/2020, 17:49:42",5
"02/24/2020, 01:16:54",4
"02/24/2020, 09:57:46",4
"02/24/2020, 13:32:10",5
"02/24/2020, 15:45:13",5
"02/25/2020, 01:15:42",5
"02/25/2020, 08:38:21",0
"02/25/2020, 16:43:19",4
"02/27/2020, 09:08:20",4
"02/27/2020, 17:55:13",1
"02/27/2020, 22:01:44",5
"02/28/2020, 01:33:35",5
"02/28/2020, 07:57:40",5
"02/28/2020, 07:59:16",5
"02/28/2020, 11:27:30",5
"02/28/2020, 11:52:01",5
"02/28/2020, 14:25:43",5
"02/28/2020, 15:25:05",5
"02/29/2020, 11:18:10",4
"02/29/2020, 11:20:14",4
"02/29/2020, 12:42:30",5
"02/29/2020, 13:19:26",5
"02/29/2020, 15:28:21",5
"02/29/2020, 15:47:06",4
"03/02/2020, 08:28:53",1
"03/02/2020, 08:38:13",5
"03/02/2020, 11:01:23",5
"03/02/2020, 13:24:08",5
"03/02/2020, 13:31:02",5
"03/02/2020, 19:58:02",5
"03/03/2020, 01:44:30",2
"03/03/2020, 03:42:57",7
"03/04/2020, 08:42:21",4
"03/04/2020, 08:43:45",4
"03/04/2020, 11:21:01",5
"03/04/2020, 11:37:12",5
"03/04/2020, 23:20:17",5
"03/05/2020, 04:26:25",4
"03/05/2020, 13:13:06",4
"03/05/2020, 15:26:53",5
"03/05/2020, 15:35:47",5
"03/05/2020, 16:11:59",1
"03/05/2020, 22:55:41",4
"03/06/2020, 08:12:59",7
"03/06/2020, 08:15:17",4
"03/06/2020, 09:47:15",5
"03/06/2020, 14:36:00",4
"03/07/2020, 02:40:57",1
"03/07/2020, 10:37:09",5
"03/07/2020, 16:52:43",5
"03/07/2020, 18:33:33",5
"03/08/2020, 00:10:13",5
"03/08/2020, 03:45:00",5
"03/08/2020, 04:23:38",7
"03/08/2020, 12:14:22",1
"03/08/2020, 14:53:35",4
"03/08/2020, 14:55:10",4
"03/08/2020, 14:56:49",4
"03/08/2020, 18:40:44",7
"03/08/2020, 23:48:31",5
"03/09/2020, 00:11:05",5
"03/09/2020, 07:36:26",5
"03/09/2020, 07:55:34",4
"01/19/2019, 15:35:12",1
"01/20/2019, 04:03:36",1
"01/20/2019, 08:16:33",1
"01/20/2019, 13:39:34",1
"01/20/2019, 15:19:14",6
"01/20/2019, 15:39:56",0
"01/20/2019, 16:41:31",6
"01/20/2019, 17:08:50",1
"01/20/2019, 23:05:09",1
"01/21/2019, 03:48:53",1
"01/21/2019, 08:33:24",1
"01/21/2019, 12:13:38",1
"01/21/2019, 15:07:08",6
"01/21/2019, 16:52:05",6
"01/21/2019, 17:00:47",6
"01/21/2019, 17:05:26",6
"01/21/2019, 17:10:27",6
"01/21/2019, 17:37:09",6
"01/21/2019, 18:53:59",6
"01/21/2019, 18:57:25",6
"01/21/2019, 19:00:45",6
"01/21/2019, 19:04:12",6
"01/21/2019, 19:16:40",6
"01/21/2019, 19:29:23",6
"01/21/2019, 19:32:00",6
"01/21/2019, 20:04:18",6
"01/21/2019, 20:08:06",6
"01/21/2019, 20:12:24",6
"01/21/2019, 20:16:50",6
"01/21/2019, 20:32:59",6
"01/21/2019, 20:39:32",6
"01/21/2019, 22:10:48",1
"01/22/2019, 04:17:25",1
"01/22/2019, 04:53:43",0
"01/22/2019, 08:06:15",0
"01/22/2019, 20:34:33",7
"01/22/2019, 20:55:59",6
"01/22/2019, 23:05:48",6
"01/22/2019, 23:12:26",6
"01/23/2019, 00:40:50",6
"01/23/2019, 00:56:05",6
"01/23/2019, 04:27:20",6
"01/23/2019, 08:33:43",0
"01/23/2019, 12:02:16",0
"01/23/2019, 13:28:36",0
"01/23/2019, 18:19:08",6
"01/23/2019, 18:38:23",6
"01/23/2019, 20:39:16",1
"01/24/2019, 00:30:41",6
"01/24/2019, 02:09:37",6
"01/24/2019, 06:06:58",6
"01/24/2019, 06:46:07",6
"01/24/2019, 07:38:16",6
"01/24/2019, 07:43:31",6
"01/24/2019, 07:59:24",6
"01/24/2019, 08:02:33",6
"01/24/2019, 08:19:50",6
"01/24/2019, 08:33:24",6
"01/24/2019, 08:37:22",6
"01/24/2019, 08:44:33",6
"01/24/2019, 08:55:31",6
"01/24/2019, 09:01:54",6
"01/24/2019, 09:03:55",6
"01/24/2019, 09:06:22",6
"01/24/2019, 09:11:42",6
"01/24/2019, 09:19:13",6
"01/24/2019, 09:21:49",6
"01/24/2019, 09:26:41",6
"01/24/2019, 09:32:01",6
"01/24/2019, 09:34:29",6
"01/24/2019, 09:36:52",6
"01/24/2019, 09:39:13",6
"01/24/2019, 09:41:40",6
"01/24/2019, 09:43:31",6
"01/24/2019, 09:51:24",6
"01/24/2019, 09:54:25",6
"01/24/2019, 09:57:46",6
"01/24/2019, 10:03:41",6
"01/24/2019, 10:15:54",6
"01/24/2019, 14:01:36",0
"01/30/2019, 03:25:04",0
"01/30/2019, 11:54:12",0
"01/31/2019, 18:17:03",1
"01/31/2019, 22:32:06",1
"02/01/2019, 01:39:51",1
"02/01/2019, 05:25:01",1
"02/01/2019, 06:50:08",0
"02/03/2019, 14:21:15",6
"02/03/2019, 14:29:33",1
"02/03/2019, 17:08:16",6
"02/03/2019, 17:13:48",6
"02/03/2019, 17:44:03",1
"02/03/2019, 20:31:26",1
"02/03/2019, 23:22:15",6
"02/04/2019, 04:00:04",1
"02/04/2019, 07:28:06",0
"11/26/2019, 08:19:19",0
"11/26/2019, 08:19:37",0
"11/27/2019, 15:44:48",0
"11/27/2019, 15:45:07",0
"12/01/2019, 01:34:59",4
"12/01/2019, 06:27:18",4
"12/08/2019, 01:21:37",8
"12/11/2019, 16:16:42",8
"12/17/2019, 08:44:45",4
"12/22/2019, 23:47:11",8
"12/22/2019, 23:53:53",8
"12/30/2019, 00:20:08",8
"12/30/2019, 00:24:00",8
"01/04/2020, 10:08:40",8
"01/09/2020, 03:23:39",8
"01/14/2020, 07:06:08",8
"01/14/2020, 10:12:08",3
"01/14/2020, 11:41:34",0
"01/14/2020, 16:15:01",8
"01/15/2020, 03:03:35",4
"01/15/2020, 03:27:50",0
"01/16/2020, 01:23:18",8
"01/16/2020, 01:25:12",8
"01/16/2020, 01:26:21",8
"01/16/2020, 01:26:31",8
"01/16/2020, 01:26:40",8
"01/16/2020, 01:27:19",8
"01/16/2020, 01:28:07",8
"01/17/2020, 22:27:28",8
"01/19/2020, 23:04:35",4
"01/20/2020, 20:16:19",8
"01/20/2020, 20:16:35",8
"01/20/2020, 20:16:47",8
"01/20/2020, 20:17:42",8
"01/25/2020, 09:17:56",8
"01/25/2020, 09:18:13",8
"01/25/2020, 09:18:25",8
"01/25/2020, 09:19:44",8
"01/27/2020, 00:20:08",8
"01/29/2020, 06:43:26",8
"01/29/2020, 10:08:39",8
"02/02/2020, 10:25:52",0
"02/02/2020, 18:52:13",8
"02/02/2020, 18:52:29",8
"02/02/2020, 18:52:41",8
"02/02/2020, 18:53:10",8
"02/04/2020, 00:14:32",0
"02/04/2020, 06:55:12",8
"02/05/2020, 07:54:55",0
"02/06/2020, 22:56:04",3
"02/06/2020, 22:56:13",0
"02/07/2020, 02:49:40",8
"02/07/2020, 11:04:02",8
"02/09/2020, 14:42:04",8
"02/11/2020, 07:17:12",8
"02/11/2020, 07:17:29",8
"02/12/2020, 11:50:01",8
"02/12/2020, 20:37:55",0
"02/13/2020, 02:15:17",0
"02/14/2020, 03:11:07",6
"02/14/2020, 18:49:47",8
"02/14/2020, 18:50:03",8
"02/14/2020, 22:04:39",8
"02/17/2020, 07:25:42",8
"02/17/2020, 11:40:44",4
"02/17/2020, 19:34:48",4
"02/19/2020, 09:02:30",8
"02/21/2020, 06:32:34",8
"02/21/2020, 07:20:39",8
"02/21/2020, 08:00:18",8
"02/21/2020, 08:48:47",8
"02/21/2020, 09:27:44",8
"02/21/2020, 10:48:26",0
"02/21/2020, 11:29:45",8
"02/21/2020, 14:12:22",8
"02/22/2020, 08:54:15",8
"02/22/2020, 12:22:02",0
"02/22/2020, 12:28:38",0
"02/23/2020, 10:07:49",8
"02/23/2020, 11:49:31",8
"02/24/2020, 00:45:48",8
"02/24/2020, 04:51:13",8
"02/24/2020, 05:55:50",8
"02/24/2020, 07:13:58",8
"02/24/2020, 07:37:44",8
"02/25/2020, 08:38:28",0
"02/27/2020, 00:40:50",8
"02/28/2020, 01:38:52",8
"02/29/2020, 05:12:29",8
"03/01/2020, 07:16:10",8
"03/02/2020, 05:15:17",8
"03/02/2020, 08:28:54",0
"03/03/2020, 01:27:32",8
"03/03/2020, 03:42:57",0
"03/03/2020, 07:31:50",0
"03/03/2020, 22:24:11",8
"03/05/2020, 22:55:41",0
"03/05/2020, 22:56:17",0
"03/06/2020, 08:12:59",8
"03/06/2020, 23:40:09",0
"03/07/2020, 10:37:09",0
"03/07/2020, 18:55:12",0
"03/08/2020, 12:14:23",8
"03/09/2020, 00:26:32",3
"12/01/2019, 00:14:50",4
"12/01/2019, 00:32:23",1
"12/01/2019, 01:34:59",2
"12/01/2019, 06:27:18",2
"12/02/2019, 09:25:23",6
"12/04/2019, 10:37:08",2
"12/06/2019, 09:53:47",6
"12/07/2019, 08:52:18",6
"12/08/2019, 02:15:45",4
"12/08/2019, 09:13:01",8
"12/09/2019, 06:48:44",4
"12/09/2019, 18:40:41",0
"12/11/2019, 02:38:08",5
"12/14/2019, 11:16:33",2
"12/16/2019, 10:01:26",1
"12/17/2019, 08:44:45",2
"12/17/2019, 09:07:32",6
"12/19/2019, 18:46:48",4
"12/19/2019, 18:52:48",4
"12/19/2019, 18:58:45",3
"01/11/2020, 12:37:20",5
"01/12/2020, 07:54:25",2
"01/12/2020, 09:17:45",4
"01/12/2020, 16:27:46",2
"01/12/2020, 17:55:37",6
"01/12/2020, 21:29:36",0
"01/13/2020, 08:01:14",0
"01/14/2020, 03:59:56",6
"01/14/2020, 08:06:37",2
"01/14/2020, 09:44:30",4
"01/19/2020, 23:04:04",1
"01/20/2020, 21:45:47",3
"01/25/2020, 04:24:43",6
"01/25/2020, 05:06:51",6
"01/25/2020, 05:54:29",6
"01/25/2020, 11:48:14",8
"01/25/2020, 13:09:21",6
"01/28/2020, 09:00:39",0
"01/30/2020, 21:22:23",6
"01/31/2020, 03:32:49",2
"02/01/2020, 06:30:21",3
"02/02/2020, 10:26:30",0
"02/04/2020, 14:06:33",6
"02/04/2020, 14:38:38",1
"02/05/2020, 10:39:30",0
"02/06/2020, 12:42:17",4
"02/06/2020, 13:01:43",4
"02/06/2020, 13:04:24",4
"02/06/2020, 13:08:59",2
"02/06/2020, 13:12:38",5
"02/06/2020, 23:11:15",1
"02/07/2020, 02:41:31",6
"02/11/2020, 22:52:12",6
"02/13/2020, 07:48:40",0
"02/13/2020, 07:51:38",1
"02/14/2020, 01:31:46",8
"02/14/2020, 08:38:52",0
"02/16/2020, 21:39:59",3
"02/21/2020, 05:18:04",3
"02/22/2020, 12:22:03",0
"02/22/2020, 12:28:43",0
"02/25/2020, 09:48:52",0
"02/27/2020, 20:29:24",2
"03/02/2020, 14:30:19",3
"03/03/2020, 10:05:02",0
"03/04/2020, 08:51:48",4
"03/06/2020, 00:36:46",3
"03/06/2020, 14:08:36",8
"03/07/2020, 06:19:16",3
"03/08/2020, 10:02:11",3
"12/01/2019, 00:32:23",4
"12/02/2019, 09:25:23",8
"12/02/2019, 21:13:53",2
"12/02/2019, 21:13:54",4
"12/03/2019, 09:48:09",0
"12/03/2019, 13:55:35",6
"12/04/2019, 01:45:26",5
"12/04/2019, 10:37:08",2
"12/09/2019, 18:40:41",4
"12/16/2019, 21:35:35",3
"12/17/2019, 11:30:42",4
"12/19/2019, 18:46:44",6
"12/19/2019, 18:52:51",6
"12/19/2019, 18:55:22",6
"12/19/2019, 18:57:48",6
"12/20/2019, 08:19:00",0
"01/08/2020, 12:48:03",4
"01/11/2020, 04:06:21",6
"01/11/2020, 09:02:55",6
"01/11/2020, 09:47:51",6
"01/11/2020, 19:48:30",6
"01/11/2020, 22:22:40",6
"01/12/2020, 00:23:39",6
"01/12/2020, 05:01:14",6
"01/12/2020, 11:27:57",6
"01/12/2020, 20:12:11",6
"01/12/2020, 21:29:43",0
"01/13/2020, 00:35:58",6
"01/13/2020, 03:30:38",6
"01/13/2020, 08:01:22",0
"01/18/2020, 22:02:02",4
"01/19/2020, 23:04:00",1
"01/28/2020, 09:00:47",0
"01/31/2020, 04:49:44",0
"02/02/2020, 10:26:21",0
"02/04/2020, 06:43:32",6
"02/05/2020, 10:39:37",0
"02/06/2020, 12:42:16",5
"02/06/2020, 13:01:43",3
"02/06/2020, 13:04:24",1
"02/06/2020, 13:08:59",4
"02/06/2020, 23:11:49",1
"02/14/2020, 08:38:42",0
"02/22/2020, 12:28:47",0
"02/29/2020, 12:28:52",0
"03/03/2020, 10:04:24",0
"03/06/2020, 12:28:26",3
"01/21/2019, 12:33:35",6
"01/21/2019, 12:35:03",6
"01/22/2019, 04:53:43",0
"01/22/2019, 06:06:21",0
"01/22/2019, 06:07:33",0
"01/22/2019, 18:10:17",4
"01/23/2019, 14:04:03",4
"01/23/2019, 19:48:21",3
"01/24/2019, 06:14:29",5
"01/24/2019, 10:23:15",5
"01/24/2019, 14:00:50",5
"01/30/2019, 13:28:08",5
"01/30/2019, 14:53:25",5
"01/30/2019, 14:54:25",5
"01/30/2019, 14:55:47",5
"01/30/2019, 14:56:54",5
"01/30/2019, 15:46:24",5
"01/30/2019, 15:53:38",5
"01/30/2019, 16:01:17",5
"01/30/2019, 16:04:50",5
"01/30/2019, 16:06:03",5
"01/30/2019, 16:12:32",5
"01/30/2019, 16:17:56",5
"01/30/2019, 17:33:47",5
"01/30/2019, 17:38:02",5
"01/30/2019, 17:55:17",5
"01/30/2019, 17:56:59",5
"01/30/2019, 18:48:33",5
"01/30/2019, 18:50:19",5
"01/31/2019, 06:48:01",0
"02/01/2019, 06:50:19",0
"02/03/2019, 17:18:04",0
"02/05/2019, 17:04:26",0
"02/05/2019, 17:30:41",1
"02/06/2019, 04:49:54",3
"02/06/2019, 10:29:20",5
"02/08/2019, 10:20:17",4
"02/10/2019, 00:45:11",1
"02/10/2019, 07:36:33",5
"02/11/2019, 05:27:10",1
"02/12/2019, 12:24:50",1
"02/12/2019, 14:54:14",4
"02/12/2019, 20:32:49",5
"02/12/2019, 23:33:26",5
"02/13/2019, 01:40:09",6
"02/13/2019, 04:16:41",0
"02/13/2019, 04:18:08",0
"02/13/2019, 16:16:24",1
"02/14/2019, 18:22:35",1
"02/15/2019, 10:07:50",0
"02/15/2019, 22:00:42",1
"02/16/2019, 22:31:18",1
"02/18/2019, 09:09:49",1
"02/19/2019, 12:43:00",1
"02/20/2019, 16:45:12",1
"02/20/2019, 17:33:16",0
"02/21/2019, 01:44:31",0
"02/21/2019, 04:40:04",6
"02/22/2019, 06:05:31",1
"02/24/2019, 20:03:04",1
"02/25/2019, 08:19:50",5
"02/25/2019, 08:39:15",5
"11/26/2019, 08:31:23",1
"11/27/2019, 03:03:41",5
"12/01/2019, 00:14:50",0
"12/01/2019, 00:32:24",8
"12/01/2019, 06:27:17",5
"12/01/2019, 19:34:01",5
"12/02/2019, 09:25:23",6
"12/02/2019, 21:13:53",2
"12/04/2019, 10:48:17",5
"12/15/2019, 23:48:22",3
"12/17/2019, 08:44:45",5
"12/17/2019, 09:07:32",5
"01/08/2020, 11:31:13",5
"01/12/2020, 21:29:50",0
"01/13/2020, 08:01:29",0
"01/15/2020, 21:33:22",3
"01/18/2020, 22:02:01",1
"01/19/2020, 22:17:41",3
"01/19/2020, 23:03:55",1
"01/25/2020, 05:20:46",6
"02/02/2020, 10:26:16",2
"02/02/2020, 12:24:09",4
"02/05/2020, 10:39:45",0
"02/05/2020, 11:59:30",5
"02/06/2020, 12:24:27",5
"02/06/2020, 12:42:16",5
"02/06/2020, 13:04:24",4
"02/06/2020, 13:08:59",2
"02/06/2020, 23:25:56",1
"02/07/2020, 04:07:32",2
"02/08/2020, 06:42:22",2
"02/08/2020, 15:10:03",1
"02/10/2020, 11:18:52",1
"02/10/2020, 19:11:29",1
"02/10/2020, 20:11:39",1
"02/13/2020, 22:43:57",5
"02/14/2020, 08:38:33",0
"02/17/2020, 03:12:51",1
"02/22/2020, 12:28:51",0
"02/24/2020, 13:14:30",1
"02/25/2020, 05:14:43",1
"02/27/2020, 14:23:58",4
"03/01/2020, 10:26:55",5
"03/03/2020, 04:16:30",1
"03/03/2020, 10:04:14",0
"03/04/2020, 15:18:47",1
"03/04/2020, 15:26:17",1
"03/04/2020, 18:20:12",1
"03/04/2020, 23:20:30",1
"03/05/2020, 04:21:04",1
"03/05/2020, 11:21:54",1
"03/05/2020, 12:25:00",1
"03/05/2020, 12:25:10",1
"03/05/2020, 13:25:17",1
"03/05/2020, 18:26:05",1
"03/05/2020, 18:33:35",1
"01/22/2019, 03:48:26",8
"01/22/2019, 04:53:43",0
"01/22/2019, 06:06:24",0
"01/22/2019, 06:07:57",0
"01/23/2019, 02:00:13",3
"01/23/2019, 04:04:07",3
"01/24/2019, 14:01:50",0
"01/30/2019, 13:33:05",3
"01/30/2019, 13:39:51",0
"01/30/2019, 14:22:43",0
"01/30/2019, 14:25:05",0
"01/30/2019, 14:34:30",0
"01/30/2019, 15:02:35",0
"01/30/2019, 15:16:00",0
"01/31/2019, 06:48:05",0
"02/01/2019, 06:50:22",0
"02/03/2019, 17:18:07",0
"02/04/2019, 07:09:40",2
"02/06/2019, 13:59:23",4
"02/08/2019, 10:20:17",4
"02/10/2019, 03:26:52",8
"02/11/2019, 15:33:12",4
"02/13/2019, 14:42:59",4
"02/14/2019, 21:32:14",0
"02/14/2019, 21:53:18",1
"02/15/2019, 03:10:57",2
"02/16/2019, 14:28:30",4
"02/17/2019, 13:47:33",4
"02/17/2019, 14:27:52",8
"02/17/2019, 22:10:57",4
"02/20/2019, 14:20:59",1
"02/21/2019, 01:44:31",0
"02/22/2019, 08:41:07",2
"02/22/2019, 11:02:28",8
"02/22/2019, 11:16:23",2
"02/22/2019, 13:02:34",2
"02/22/2019, 13:45:09",2
"02/22/2019, 15:07:54",2
"02/23/2019, 12:21:39",2
"02/23/2019, 16:44:41",2
"02/23/2019, 23:06:18",2
"02/24/2019, 07:01:45",1
"02/24/2019, 11:05:57",2
"02/24/2019, 23:55:21",4
"02/25/2019, 21:12:30",2
"02/27/2019, 12:24:37",4
"02/27/2019, 22:31:50",8
"03/03/2019, 08:51:50",2
"03/03/2019, 19:20:41",2
"03/03/2019, 19:39:31",0
"03/03/2019, 22:45:23",0
"03/05/2019, 08:22:47",4
"03/08/2019, 20:47:01",8
"03/09/2019, 09:32:25",2
"03/12/2019, 08:45:50",4
"03/12/2019, 21:39:25",8
"03/13/2019, 10:31:51",5
"03/14/2019, 11:39:48",1
"03/14/2019, 13:22:43",6
"03/15/2019, 04:31:32",2
"03/15/2019, 05:47:34",2
"03/15/2019, 06:00:33",2
"03/15/2019, 07:55:17",4
"03/15/2019, 16:14:14",2
"03/15/2019, 16:27:30",2
"03/15/2019, 16:30:39",0
"03/17/2019, 21:26:22",0
"03/19/2019, 06:57:32",6
"03/20/2019, 07:11:26",0
"03/23/2019, 00:48:49",2
"03/24/2019, 02:43:41",8
"03/25/2019, 12:31:13",4
"03/26/2019, 08:27:54",6
"03/26/2019, 09:31:52",8
"03/26/2019, 10:05:22",8
"03/27/2019, 07:48:09",4
"03/27/2019, 08:06:35",4
"03/28/2019, 08:24:26",4
"03/30/2019, 09:23:17",8
"04/01/2019, 10:29:09",0
"04/02/2019, 22:41:34",8
"04/03/2019, 02:59:35",8
"04/03/2019, 08:03:53",8
"04/05/2019, 04:28:16",1
"04/08/2019, 19:37:59",2
"04/08/2019, 19:43:20",0
"04/08/2019, 19:45:14",2
"04/08/2019, 20:02:26",2
"04/08/2019, 20:04:13",2
"04/08/2019, 20:07:16",1
"04/08/2019, 20:08:10",2
"04/08/2019, 20:11:22",2
"04/08/2019, 20:12:25",4
"04/09/2019, 01:01:54",8
"04/09/2019, 04:41:47",8
"04/09/2019, 16:04:36",8
"04/09/2019, 22:34:38",8
"04/10/2019, 11:35:17",4
"04/11/2019, 09:00:28",4
"04/12/2019, 06:34:42",6
"04/12/2019, 09:36:29",6
"04/12/2019, 10:13:19",4
"04/12/2019, 21:17:03",1
"04/13/2019, 14:25:46",2
"04/14/2019, 05:13:01",8
"04/14/2019, 18:56:27",8
"04/15/2019, 03:16:43",6
"04/15/2019, 03:21:00",6
"04/15/2019, 03:24:39",2
"04/15/2019, 03:28:16",2
"04/15/2019, 03:34:15",2
"04/15/2019, 03:37:32",2
"04/15/2019, 03:39:31",6
"04/15/2019, 03:40:37",4
"04/15/2019, 03:41:51",4
"04/15/2019, 03:44:18",1
"04/15/2019, 04:21:58",5
"04/15/2019, 04:22:55",5
"04/15/2019, 04:28:21",0
"04/15/2019, 06:19:04",0
"11/26/2019, 08:33:39",6
"11/26/2019, 16:17:13",8
"11/27/2019, 21:44:09",8
"11/30/2019, 06:51:25",2
"12/01/2019, 00:14:50",2
"12/01/2019, 15:45:41",8
"12/02/2019, 10:01:15",8
"12/02/2019, 21:13:54",2
"12/03/2019, 07:40:22",8
"12/04/2019, 10:48:48",5
"12/04/2019, 13:29:28",5
"12/05/2019, 10:10:21",5
"12/06/2019, 13:58:00",8
"12/07/2019, 17:51:49",8
"12/09/2019, 12:21:08",8
"12/09/2019, 15:56:46",6
"12/10/2019, 15:49:15",8
"12/12/2019, 15:13:19",8
"12/13/2019, 10:52:40",8
"12/13/2019, 23:59:47",3
"12/14/2019, 07:04:23",8
"12/15/2019, 00:46:47",8
"12/16/2019, 02:31:39",8
"12/17/2019, 05:31:50",8
"12/17/2019, 08:44:45",4
"12/17/2019, 08:58:48",6
"12/17/2019, 11:38:30",5
"12/18/2019, 22:33:14",8
"12/19/2019, 18:37:38",1
"12/19/2019, 18:44:38",8
"12/19/2019, 18:50:31",1
"12/19/2019, 18:57:12",1
"12/19/2019, 18:58:18",1
"01/09/2020, 06:07:23",5
"01/09/2020, 08:38:57",4
"01/09/2020, 19:55:57",8
"01/10/2020, 21:54:16",8
"01/12/2020, 03:51:13",8
"01/12/2020, 07:54:25",5
"01/12/2020, 21:29:57",0
"01/13/2020, 08:01:36",0
"01/13/2020, 18:21:37",4
"01/13/2020, 19:01:20",4
"01/14/2020, 07:36:32",6
"01/14/2020, 23:58:16",8
"01/15/2020, 15:45:51",0
"01/16/2020, 06:35:50",2
"01/16/2020, 06:45:57",4
"01/16/2020, 06:47:44",4
"01/16/2020, 07:35:43",2
"01/16/2020, 08:12:40",2
"01/16/2020, 08:27:02",2
"01/16/2020, 09:35:05",2
"01/16/2020, 09:36:51",2
"01/18/2020, 13:25:39",4
"01/19/2020, 19:19:28",8
"01/19/2020, 23:03:51",1
"01/21/2020, 13:11:00",8
"01/21/2020, 13:50:39",8
"01/25/2020, 22:18:48",8
"01/28/2020, 09:01:01",0
"01/30/2020, 13:52:51",8
"01/31/2020, 13:32:51",3
"02/01/2020, 07:16:04",8
"02/01/2020, 08:35:11",6
"02/02/2020, 10:26:11",0
"02/02/2020, 12:24:09",4
"02/02/2020, 12:33:05",6
"02/04/2020, 07:38:15",4
"02/05/2020, 10:39:52",0
"02/06/2020, 01:44:34",8
"02/06/2020, 13:01:43",4
"02/06/2020, 15:43:24",6
"02/06/2020, 23:26:14",1
"02/07/2020, 09:17:36",5
"02/09/2020, 21:54:08",8
"02/11/2020, 07:50:24",6
"02/13/2020, 14:35:44",8
"02/14/2020, 08:38:22",0
"02/15/2020, 11:05:14",8
"02/18/2020, 11:43:51",4
"02/19/2020, 14:11:27",8
"02/21/2020, 08:20:52",8
"02/22/2020, 12:28:55",0
"02/23/2020, 02:03:45",8
"02/27/2020, 14:23:58",6
"02/29/2020, 20:23:15",8
"03/03/2020, 07:41:26",4
"03/03/2020, 10:03:45",0
"03/08/2020, 23:56:36",8
"11/26/2019, 03:31:50",8
"11/26/2019, 09:20:34",3
"11/26/2019, 18:00:37",8
"11/26/2019, 22:13:08",2
"11/27/2019, 07:29:33",8
"11/27/2019, 18:14:38",8
"11/28/2019, 07:35:38",8
"11/28/2019, 13:28:57",2
"11/28/2019, 21:03:31",8
"11/29/2019, 09:20:07",8
"11/30/2019, 01:06:23",3
"11/30/2019, 08:26:46",2
"12/01/2019, 01:34:59",7
"12/01/2019, 04:05:00",2
"12/01/2019, 06:27:17",7
"12/02/2019, 21:13:53",4
"12/03/2019, 03:26:29",8
"12/03/2019, 06:10:33",5
"12/03/2019, 23:17:16",6
"12/04/2019, 04:37:53",2
"12/04/2019, 05:41:17",8
"12/12/2019, 16:20:09",3
"02/05/2020, 06:31:48",6
"02/05/2020, 10:39:59",0
"02/05/2020, 13:35:41",8
"02/06/2020, 01:52:33",3
"02/06/2020, 05:41:31",5
"02/06/2020, 12:42:17",2
"02/06/2020, 13:01:43",4
"02/06/2020, 13:04:24",1
"02/06/2020, 17:56:47",4
"02/07/2020, 13:23:53",8
"02/07/2020, 19:21:32",3
"02/07/2020, 20:31:05",2
"02/08/2020, 01:48:27",6
"02/08/2020, 03:36:41",1
"02/08/2020, 11:01:32",8
"02/08/2020, 13:11:55",2
"02/09/2020, 00:22:22",6
"02/09/2020, 05:36:11",2
"02/09/2020, 06:47:22",8
"02/09/2020, 08:58:07",3
"02/10/2020, 06:48:37",5
"02/10/2020, 19:28:38",1
"02/10/2020, 22:22:13",5
"02/11/2020, 06:35:11",3
"02/11/2020, 13:59:08",8
"02/11/2020, 14:00:11",4
"02/12/2020, 05:06:44",5
"02/13/2020, 04:22:22",8
"02/13/2020, 19:42:34",8
"02/14/2020, 08:38:14",0
"02/15/2020, 17:46:23",8
"02/15/2020, 17:47:12",0
"02/16/2020, 13:05:29",8
"02/17/2020, 22:14:59",8
"02/19/2020, 00:49:34",8
"02/19/2020, 00:51:40",8
"02/19/2020, 08:20:19",1
"02/19/2020, 16:53:38",2
"02/20/2020, 04:48:46",8
"02/21/2020, 02:51:54",8
"02/21/2020, 12:58:21",8
"02/22/2020, 12:22:02",0
"02/23/2020, 17:45:43",4
"02/25/2020, 04:38:58",4
"02/25/2020, 13:16:21",1
"02/26/2020, 06:19:51",2
"02/28/2020, 15:16:54",8
"02/29/2020, 15:14:01",4
"03/02/2020, 00:28:14",8
"03/03/2020, 13:09:27",8
"03/05/2020, 23:37:24",1
"03/06/2020, 05:55:24",8
"03/06/2020, 06:29:06",4
"03/08/2020, 04:31:39",8
"03/08/2020, 04:36:52",8
"03/09/2020, 05:18:11",4
